{
	"credit": "Made with Blockbench",
	"parent": "create_new_age:block/generation/generator_coil",
	"display": {
		"thirdperson_righthand": {
			"rotation": [75, 45, 0],
			"translation": [0, 2.5, 0],
			"scale": [0.275, 0.275, 0.275]
		},
		"thirdperson_lefthand": {
			"rotation": [75, 45, 0],
			"translation": [0, 2.5, 0],
			"scale": [0.275, 0.275, 0.275]
		},
		"firstperson_righthand": {
			"rotation": [0, 45, 0],
			"scale": [0.2, 0.2, 0.2]
		},
		"firstperson_lefthand": {
			"rotation": [0, 225, 0],
			"scale": [0.2, 0.2, 0.2]
		},
		"ground": {
			"translation": [0, 3, 0],
			"scale": [0.25, 0.25, 0.25]
		},
		"gui": {
			"rotation": [30, 225, 0],
			"scale": [0.325, 0.325, 0.325]
		},
		"fixed": {
			"scale": [0.5, 0.5, 0.5]
		}
	},
	"loader": "forge:obj",
	"flip_v": true,
	"model": "create_new_age:models/block/generation/generator_coil/generator_coil.obj"
}