{
	"credit": "Made with Blockbench by ProfBones",
	"parent": "block/block",
	"texture_size": [64, 64],
	"textures": {
		"0": "create_new_age:block/carbon_brushes",
		"particle": "create_new_age:block/carbon_brushes"
	},
	"elements": [
		{
			"from": [4.75, 4.75, 0.5],
			"to": [11.25, 11.25, 1.5],
			"faces": {
				"north": {"uv": [8, 8, 10, 10], "texture": "#0"},
				"east": {"uv": [7.5, 0, 7.75, 2], "texture": "#0"},
				"south": {"uv": [6, 8, 8, 10], "texture": "#0"},
				"west": {"uv": [7.75, 0, 8, 2], "texture": "#0"},
				"up": {"uv": [15.5, 8.25, 13.5, 8], "texture": "#0"},
				"down": {"uv": [15.5, 8.25, 13.5, 8.5], "texture": "#0"}
			}
		},
		{
			"from": [4.75, 4.75, 14.5],
			"to": [11.25, 11.25, 15.5],
			"faces": {
				"north": {"uv": [8, 8, 10, 10], "texture": "#0"},
				"east": {"uv": [7.5, 0, 7.75, 2], "texture": "#0"},
				"south": {"uv": [6, 8, 8, 10], "texture": "#0"},
				"west": {"uv": [7.75, 0, 8, 2], "texture": "#0"},
				"up": {"uv": [15.5, 8.25, 13.5, 8], "texture": "#0"},
				"down": {"uv": [15.5, 8.25, 13.5, 8.5], "texture": "#0"}
			}
		},
		{
			"from": [1, 1, 7.5],
			"to": [15, 15, 14.5],
			"faces": {
				"north": {"uv": [0, 0, 4, 4], "texture": "#0"},
				"east": {"uv": [2, 8, 4, 12], "texture": "#0"},
				"south": {"uv": [0, 4, 4, 8], "texture": "#0"},
				"west": {"uv": [4, 8, 6, 12], "texture": "#0"},
				"up": {"uv": [12, 2, 8, 0], "texture": "#0"},
				"down": {"uv": [12, 2, 8, 4], "texture": "#0"}
			}
		},
		{
			"from": [0, 0, 3.5],
			"to": [16, 16, 7.5],
			"faces": {
				"north": {"uv": [12, 4, 16, 8], "texture": "#0"},
				"east": {"uv": [0, 8, 1, 12], "texture": "#0"},
				"south": {"uv": [12, 0.25, 16, 4.25], "texture": "#0"},
				"west": {"uv": [1, 8, 2, 12], "texture": "#0"},
				"up": {"uv": [10, 10.75, 6, 9.75], "texture": "#0"},
				"down": {"uv": [10, 11, 6, 12], "texture": "#0"}
			}
		},
		{
			"from": [2, 2, 1.5],
			"to": [14, 14, 3.5],
			"faces": {
				"north": {"uv": [4, 0, 7.5, 3.5], "texture": "#0"},
				"east": {"uv": [11, 4, 11.5, 7.5], "texture": "#0"},
				"south": {"uv": [4, 3.5, 7.5, 7], "texture": "#0"},
				"west": {"uv": [11.5, 4, 12, 7.5], "texture": "#0"},
				"up": {"uv": [13.5, 8.5, 10, 8], "texture": "#0"},
				"down": {"uv": [13.5, 8.5, 10, 9], "texture": "#0"}
			}
		}
	],
	"display": {
		"thirdperson_righthand": {
			"rotation": [75, 45, 0],
			"translation": [0, 2.5, 0],
			"scale": [0.375, 0.375, 0.375]
		},
		"thirdperson_lefthand": {
			"rotation": [75, 45, 0],
			"translation": [0, 2.5, 0],
			"scale": [0.375, 0.375, 0.375]
		},
		"firstperson_righthand": {
			"rotation": [0, 45, 0],
			"scale": [0.4, 0.4, 0.4]
		},
		"firstperson_lefthand": {
			"rotation": [0, 225, 0],
			"scale": [0.4, 0.4, 0.4]
		},
		"ground": {
			"translation": [0, 3, 0],
			"scale": [0.25, 0.25, 0.25]
		},
		"gui": {
			"rotation": [30, 225, 0],
			"scale": [0.625, 0.625, 0.625]
		},
		"head": {
			"rotation": [180, 0, 0],
			"scale": [0.91, 0.91, 0.91]
		},
		"fixed": {
			"scale": [0.5, 0.5, 0.5]
		}
	},
	"groups": [
		{
			"name": "carbon_brushes",
			"origin": [8, 8, 8],
			"color": 0,
			"children": [
				{
					"name": "Coil",
					"origin": [8, 8, 8],
					"color": 0,
					"children": []
				},
				{
					"name": "base",
					"origin": [8, 8, 8],
					"color": 0,
					"children": [0, 1, 2, 3, 4]
				}
			]
		}
	]
}