{
	"credit": "Made with Blockbench",
	"texture_size": [32, 32],
	"textures": {
		"2": "create_new_age:block/eletrical_connector"
	},
	"elements": [
		{
			"from": [3, 0, 3],
			"to": [13, 3, 13],
			"faces": {
				"north": {"uv": [0, 5.5, 5, 7], "texture": "#2"},
				"east": {"uv": [0, 5.5, 5, 7], "texture": "#2"},
				"south": {"uv": [0, 5.5, 5, 7], "texture": "#2"},
				"west": {"uv": [0, 5.5, 5, 7], "texture": "#2"},
				"up": {"uv": [5, 5, 0, 0], "texture": "#2"},
				"down": {"uv": [5, 0, 0, 5], "texture": "#2"}
			}
		},
		{
			"from": [5, 5, 5],
			"to": [11, 6, 11],
			"faces": {
				"north": {"uv": [8, 3.5, 11, 4], "texture": "#2"},
				"east": {"uv": [8, 4, 11, 4.5], "texture": "#2"},
				"south": {"uv": [8, 5, 11, 5.5], "texture": "#2"},
				"west": {"uv": [8, 4.5, 11, 5], "texture": "#2"},
				"up": {"uv": [11, 3, 8, 0], "texture": "#2"},
				"down": {"uv": [11, 0, 8, 3], "texture": "#2"}
			}
		},
		{
			"from": [5, 8, 5],
			"to": [11, 9, 11],
			"faces": {
				"north": {"uv": [8, 3.5, 11, 4], "texture": "#2"},
				"east": {"uv": [8, 4, 11, 4.5], "texture": "#2"},
				"south": {"uv": [8, 5, 11, 5.5], "texture": "#2"},
				"west": {"uv": [8, 4.5, 11, 5], "texture": "#2"},
				"up": {"uv": [11, 3, 8, 0], "texture": "#2"},
				"down": {"uv": [11, 0, 8, 3], "texture": "#2"}
			}
		},
		{
			"from": [4, 3, 11],
			"to": [12, 4, 12],
			"faces": {
				"north": {"uv": [8, 6.5, 12, 7], "texture": "#2"},
				"east": {"uv": [8, 6.5, 8.5, 7], "texture": "#2"},
				"south": {"uv": [8, 6.5, 12, 7], "texture": "#2"},
				"west": {"uv": [8, 6.5, 8.5, 7], "texture": "#2"},
				"up": {"uv": [12, 7, 8, 6.5], "texture": "#2"},
				"down": {"uv": [12, 6.5, 8, 7], "texture": "#2"}
			}
		},
		{
			"from": [4, 3, 4],
			"to": [12, 4, 5],
			"faces": {
				"north": {"uv": [8, 6.5, 12, 7], "texture": "#2"},
				"east": {"uv": [8, 6.5, 8.5, 7], "texture": "#2"},
				"south": {"uv": [8, 6.5, 12, 7], "texture": "#2"},
				"west": {"uv": [8, 6.5, 8.5, 7], "texture": "#2"},
				"up": {"uv": [12, 7, 8, 6.5], "texture": "#2"},
				"down": {"uv": [12, 6.5, 8, 7], "texture": "#2"}
			}
		},
		{
			"from": [4, 3, 5],
			"to": [5, 4, 11],
			"faces": {
				"north": {"uv": [8, 6.5, 8.5, 7], "texture": "#2"},
				"east": {"uv": [8.5, 6.5, 11.5, 7], "texture": "#2"},
				"south": {"uv": [8, 6.5, 8.5, 7], "texture": "#2"},
				"west": {"uv": [8.5, 6.5, 11.5, 7], "texture": "#2"},
				"up": {"uv": [12, 5.5, 11.5, 2.5], "texture": "#2"},
				"down": {"uv": [12, 2.5, 11.5, 5.5], "texture": "#2"}
			}
		},
		{
			"from": [11, 3, 5],
			"to": [12, 4, 11],
			"faces": {
				"north": {"uv": [8, 6.5, 8.5, 7], "texture": "#2"},
				"east": {"uv": [8.5, 6.5, 11.5, 7], "texture": "#2"},
				"south": {"uv": [8, 6.5, 8.5, 7], "texture": "#2"},
				"west": {"uv": [8.5, 6.5, 11.5, 7], "texture": "#2"},
				"up": {"uv": [12, 5.5, 11.5, 2.5], "texture": "#2"},
				"down": {"uv": [12, 2.5, 11.5, 5.5], "texture": "#2"}
			}
		},
		{
			"from": [6, 3, 6],
			"to": [10, 11, 10],
			"faces": {
				"north": {"uv": [5.5, 3, 7.5, 7], "texture": "#2"},
				"east": {"uv": [5.5, 3, 7.5, 7], "texture": "#2"},
				"south": {"uv": [5.5, 3, 7.5, 7], "texture": "#2"},
				"west": {"uv": [5.5, 3, 7.5, 7], "texture": "#2"},
				"up": {"uv": [7.5, 2.5, 5.5, 0.5], "texture": "#2"},
				"down": {"uv": [7.5, 0.5, 5.5, 2.5], "texture": "#2"}
			}
		}
	],
	"display": {
		"thirdperson_righthand": {
			"rotation": [75, 45, 0],
			"translation": [0, 2.5, 2],
			"scale": [0.375, 0.375, 0.375]
		},
		"thirdperson_lefthand": {
			"rotation": [75, 45, 0],
			"translation": [0, 2.5, 2],
			"scale": [0.375, 0.375, 0.375]
		},
		"firstperson_righthand": {
			"rotation": [0, 45, 0],
			"translation": [0, 2, 0],
			"scale": [0.4, 0.4, 0.4]
		},
		"firstperson_lefthand": {
			"rotation": [0, 225, 0],
			"translation": [0, 2, 0],
			"scale": [0.4, 0.4, 0.4]
		},
		"ground": {
			"translation": [0, 3, 0],
			"scale": [0.25, 0.25, 0.25]
		},
		"gui": {
			"rotation": [30, 225, 0],
			"translation": [0, 2, 0],
			"scale": [0.625, 0.625, 0.625]
		},
		"fixed": {
			"scale": [0.5, 0.5, 0.5]
		}
	},
	"groups": [
		{
			"name": "electrical_connector",
			"origin": [8, 8, 8],
			"color": 0,
			"children": [0, 1, 2, 3, 4, 5, 6, 7]
		}
	]
}