{
	"credit": "Made with Blockbench",
	"texture_size": [64, 64],
	"textures": {
		"1": "create_new_age:block/energiser_t2",
		"particle": "create_new_age:block/energiser"
	},
	"elements": [
		{
			"from": [5, -5, 5],
			"to": [11, 1, 11],
			"faces": {
				"north": {"uv": [5.66667, 5.66667, 7.66667, 7.66667], "texture": "#1"},
				"east": {"uv": [5.66667, 5.66667, 7.66667, 7.66667], "texture": "#1"},
				"south": {"uv": [5.66667, 5.66667, 7.66667, 7.66667], "texture": "#1"},
				"west": {"uv": [5.66667, 5.66667, 7.66667, 7.66667], "texture": "#1"},
				"up": {"uv": [7.66667, 7.66667, 5.66667, 5.66667], "texture": "#1"},
				"down": {"uv": [7.66667, 5.66667, 5.66667, 7.66667], "texture": "#1"}
			}
		},
		{
			"from": [2, 2, 2],
			"to": [14, 4, 14],
			"faces": {
				"north": {"uv": [5.66667, 4.66667, 9.66667, 5.33333], "texture": "#1"},
				"east": {"uv": [5.66667, 4.66667, 9.66667, 5.33333], "texture": "#1"},
				"south": {"uv": [5.66667, 4.66667, 9.66667, 5.33333], "texture": "#1"},
				"west": {"uv": [5.66667, 4.66667, 9.66667, 5.33333], "texture": "#1"},
				"up": {"uv": [9.68333, 4.35, 5.68333, 0.35], "texture": "#1"},
				"down": {"uv": [9.68333, 0.35, 5.68333, 4.35], "texture": "#1"}
			}
		},
		{
			"name": "Axis",
			"from": [6, -2, 6],
			"to": [10, 12, 10],
			"faces": {
				"north": {"uv": [10, 0, 11.33333, 4.33333], "texture": "#1"},
				"east": {"uv": [10, 0, 11.33333, 4.33333], "texture": "#1"},
				"south": {"uv": [10, 0, 11.33333, 4.33333], "texture": "#1"},
				"west": {"uv": [10, 0, 11.33333, 4.33333], "texture": "#1"},
				"up": {"uv": [8, 10.5, 7, 9.5], "texture": "#1"},
				"down": {"uv": [11.3, 4.68333, 10, 6.01667], "texture": "#1"}
			}
		},
		{
			"from": [0.5, 5, 0.5],
			"to": [15.5, 16, 15.5],
			"faces": {
				"north": {"uv": [0.01667, 5.66667, 5.35, 9.33333], "texture": "#1"},
				"east": {"uv": [0.01667, 5.66667, 5.35, 9.33333], "texture": "#1"},
				"south": {"uv": [0.01667, 5.66667, 5.35, 9.33333], "texture": "#1"},
				"west": {"uv": [0.01667, 5.66667, 5.35, 9.33333], "texture": "#1"},
				"up": {"uv": [5.33333, 5.33333, 0, 0], "texture": "#1"},
				"down": {"uv": [5.33333, 0, 0, 5.33333], "texture": "#1"}
			}
		},
		{
			"from": [-0.25, 9, -0.25],
			"to": [16.25, 12, 16.25],
			"faces": {
				"north": {"uv": [0.01667, 10, 3.01667, 10.66666], "texture": "#1"},
				"east": {"uv": [0.01667, 10, 3.01667, 10.66666], "texture": "#1"},
				"south": {"uv": [0.01667, 10, 3.01667, 10.66666], "texture": "#1"},
				"west": {"uv": [0.01667, 10, 3.01667, 10.66666], "texture": "#1"},
				"up": {"uv": [9, 6.66667, 8, 5.66667], "texture": "#1"},
				"down": {"uv": [9, 5.66667, 8, 6.66667], "texture": "#1"}
			}
		}
	],
	"display": {
		"thirdperson_righthand": {
			"rotation": [-180, 160, 21],
			"translation": [0.75, 2.5, -1.25],
			"scale": [0.375, 0.375, 0.375]
		},
		"thirdperson_lefthand": {
			"rotation": [-180, 45, 0],
			"translation": [0, 2.5, 0],
			"scale": [0.375, 0.375, 0.375]
		},
		"firstperson_righthand": {
			"rotation": [-0.23, -45.01, 179.64],
			"translation": [3.25, 3.5, 0],
			"scale": [0.3, 0.3, 0.3]
		},
		"firstperson_lefthand": {
			"rotation": [180, 45, 0],
			"translation": [3.25, 3.5, 0],
			"scale": [0.3, 0.3, 0.3]
		},
		"ground": {
			"rotation": [-0.03, -60.65, -179.99],
			"translation": [0, 3, 0],
			"scale": [0.25, 0.25, 0.25]
		},
		"gui": {
			"rotation": [-150, 225, 0],
			"translation": [0, -0.25, 0],
			"scale": [0.5, 0.5, 0.5]
		},
		"head": {
			"rotation": [180, 0, 0],
			"scale": [0.91, 0.91, 0.91]
		},
		"fixed": {
			"rotation": [180, 0, 0],
			"scale": [0.5, 0.5, 0.5]
		}
	},
	"groups": [
		{
			"name": "energiser",
			"origin": [0, 0, 0],
			"color": 0,
			"children": [0, 1, 2, 3, 4]
		}
	]
}