{
	"credit": "Made with Blockbench",
	"parent": "block/block",
	"texture_size": [64, 64],
	"textures": {
		"1": "create_new_age:block/motor_grade_t3",
		"2": "create_new_age:block/motor_base",
		"particle": "create_new_age:block/motor_grade_t3"
	},
	"elements": [
		{
			"name": "Back",
			"from": [5, 5, 0.9],
			"to": [11, 11, 15.9],
			"rotation": {"angle": 0, "axis": "x", "origin": [8, 8, 9]},
			"faces": {
				"north": {"uv": [9.75, 9.75, 11.25, 11.25], "texture": "#2"},
				"east": {"uv": [2.5, 5, 6.25, 6.5], "texture": "#2"},
				"south": {"uv": [1.5, 10.25, 3, 11.75], "texture": "#2"},
				"west": {"uv": [5, 2.5, 8.75, 4], "texture": "#2"},
				"up": {"uv": [7.75, 7.75, 6.25, 4], "texture": "#2"},
				"down": {"uv": [4, 6.5, 2.5, 10.25], "texture": "#2"}
			}
		},
		{
			"name": "Back",
			"from": [3, 3, 2],
			"to": [13, 13, 4],
			"rotation": {"angle": 0, "axis": "x", "origin": [8, 8, 9]},
			"faces": {
				"north": {"uv": [0, 0, 2.5, 2.5], "texture": "#2"},
				"east": {"uv": [10.25, 11.75, 10.75, 14.25], "texture": "#2"},
				"south": {"uv": [0, 2.5, 2.5, 5], "texture": "#2"},
				"west": {"uv": [10.75, 11.75, 11.25, 14.25], "texture": "#2"},
				"up": {"uv": [14.25, 6, 11.75, 5.5], "texture": "#2"},
				"down": {"uv": [14.25, 6, 11.75, 6.5], "texture": "#2"}
			}
		},
		{
			"name": "Back",
			"from": [3, 3, 2],
			"to": [13, 13, 4],
			"rotation": {"angle": 0, "axis": "x", "origin": [8, 8, 9]},
			"faces": {
				"north": {"uv": [2.5, 0, 5, 2.5], "texture": "#2"},
				"east": {"uv": [11.25, 11.75, 11.75, 14.25], "texture": "#2"},
				"south": {"uv": [2.5, 2.5, 5, 5], "texture": "#2"},
				"west": {"uv": [11.75, 11.75, 12.25, 14.25], "texture": "#2"},
				"up": {"uv": [14.25, 7, 11.75, 6.5], "texture": "#2"},
				"down": {"uv": [14.75, 4, 12.25, 4.5], "texture": "#2"}
			}
		},
		{
			"name": "Back",
			"from": [3, 3, 13],
			"to": [13, 13, 15],
			"rotation": {"angle": 0, "axis": "x", "origin": [8, 8, 9]},
			"faces": {
				"north": {"uv": [0, 5, 2.5, 7.5], "texture": "#2"},
				"east": {"uv": [0, 12, 0.5, 14.5], "texture": "#2"},
				"south": {"uv": [5, 0, 7.5, 2.5], "texture": "#2"},
				"west": {"uv": [0.5, 12, 1, 14.5], "texture": "#2"},
				"up": {"uv": [14.75, 5, 12.25, 4.5], "texture": "#2"},
				"down": {"uv": [14.75, 5, 12.25, 5.5], "texture": "#2"}
			}
		},
		{
			"name": "Between Rims",
			"from": [3.5, 3.5, 7.1],
			"to": [12.5, 12.5, 10.1],
			"rotation": {"angle": 0, "axis": "x", "origin": [8, 8, 9]},
			"faces": {
				"east": {"uv": [0, 0, 3, 9], "texture": "#1"},
				"west": {"uv": [3, 0, 6, 9], "texture": "#1"},
				"up": {"uv": [6, 0, 15, 3], "texture": "#1"},
				"down": {"uv": [15, 3, 6, 6], "texture": "#1"}
			}
		},
		{
			"name": "Body",
			"from": [4, 4, 4.25],
			"to": [12, 12, 12.75],
			"rotation": {"angle": 0, "axis": "x", "origin": [8, 8, 9]},
			"faces": {
				"north": {"uv": [6.25, 7.75, 8.25, 9.75], "texture": "#2"},
				"east": {"uv": [4, 6.5, 6.25, 8.5], "texture": "#2"},
				"south": {"uv": [8.25, 6.25, 10.25, 8.25], "texture": "#2"},
				"west": {"uv": [0, 7.5, 2.25, 9.5], "texture": "#2"},
				"up": {"uv": [9.5, 2.25, 7.5, 0], "texture": "#2"},
				"down": {"uv": [9.75, 4, 7.75, 6.25], "texture": "#2"}
			}
		},
		{
			"from": [2, 12, 0],
			"to": [4, 14, 16],
			"rotation": {"angle": 0, "axis": "x", "origin": [8, 8, 9]},
			"faces": {
				"north": {"uv": [5, 4, 5.5, 4.5], "texture": "#2"},
				"east": {"uv": [10.25, 7, 14.25, 7.5], "texture": "#2"},
				"south": {"uv": [5, 4.5, 5.5, 5], "texture": "#2"},
				"west": {"uv": [10.25, 7.5, 14.25, 8], "texture": "#2"},
				"up": {"uv": [5, 15, 4.5, 11], "texture": "#2"},
				"down": {"uv": [5.5, 11, 5, 15], "texture": "#2"}
			}
		},
		{
			"from": [12, 12, 0],
			"to": [14, 14, 16],
			"rotation": {"angle": 0, "axis": "x", "origin": [8, 8, 9]},
			"faces": {
				"north": {"uv": [5.5, 4, 6, 4.5], "texture": "#2"},
				"east": {"uv": [11, 1.5, 15, 2], "texture": "#2"},
				"south": {"uv": [5.5, 4.5, 6, 5], "texture": "#2"},
				"west": {"uv": [11, 2, 15, 2.5], "texture": "#2"},
				"up": {"uv": [6, 15.25, 5.5, 11.25], "texture": "#2"},
				"down": {"uv": [6.5, 11.25, 6, 15.25], "texture": "#2"}
			}
		},
		{
			"from": [2, 2, 0],
			"to": [4, 4, 16],
			"rotation": {"angle": 0, "axis": "x", "origin": [8, 8, 9]},
			"faces": {
				"north": {"uv": [7.75, 6.25, 8.25, 6.75], "texture": "#2"},
				"east": {"uv": [11.25, 2.5, 15.25, 3], "texture": "#2"},
				"south": {"uv": [7.75, 6.75, 8.25, 7.25], "texture": "#2"},
				"west": {"uv": [11.25, 3, 15.25, 3.5], "texture": "#2"},
				"up": {"uv": [7, 15.25, 6.5, 11.25], "texture": "#2"},
				"down": {"uv": [7.5, 11.25, 7, 15.25], "texture": "#2"}
			}
		},
		{
			"from": [12, 2, 0],
			"to": [14, 4, 16],
			"rotation": {"angle": 0, "axis": "x", "origin": [8, 8, 9]},
			"faces": {
				"north": {"uv": [7.75, 7.25, 8.25, 7.75], "texture": "#2"},
				"east": {"uv": [11.25, 3.5, 15.25, 4], "texture": "#2"},
				"south": {"uv": [5.5, 8.5, 6, 9], "texture": "#2"},
				"west": {"uv": [9.5, 11.25, 13.5, 11.75], "texture": "#2"},
				"up": {"uv": [8, 15.25, 7.5, 11.25], "texture": "#2"},
				"down": {"uv": [2, 11.75, 1.5, 15.75], "texture": "#2"}
			}
		}
	],
	"display": {
		"gui": {
			"rotation": [30, 45, 0],
			"scale": [0.625, 0.625, 0.625]
		}
	},
	"groups": [
		{
			"name": "Motor",
			"origin": [8, 8, 8],
			"color": 0,
			"children": [
				0,
				1,
				2,
				3,
				4,
				5,
				6,
				7,
				8,
				9,
				{
					"name": "shaft",
					"origin": [8, 8, 8],
					"color": 0,
					"children": []
				}
			]
		}
	]
}