{
	"credit": "Made with Blockbench",
	"texture_size": [32, 32],
	"textures": {
		"0": "create_new_age:block/heat_pump",
		"particle": "create_new_age:block/heat_pump"
	},
	"elements": [
		{
			"name": "middle",
			"from": [4.5, 4.5, 4],
			"to": [12.5, 12.5, 12],
			"rotation": {"angle": 0, "axis": "y", "origin": [8.5, 8.5, 8]},
			"faces": {
				"north": {"uv": [0, 0, 4, 8.5], "texture": "#0"},
				"east": {"uv": [6.5, 11.5, 10.5, 15.5], "texture": "#0"},
				"south": {"uv": [0, 0, 4, 8.5], "texture": "#0"},
				"west": {"uv": [6.5, 11.5, 10.5, 15.5], "rotation": 180, "texture": "#0"},
				"up": {"uv": [4, 8.5, 0, 0], "texture": "#0"},
				"down": {"uv": [5.5, 11.5, 1.5, 15.5], "texture": "#0"}
			}
		},
		{
			"name": "front",
			"from": [3, 3.5, 0.5],
			"to": [13, 13.5, 5.5],
			"rotation": {"angle": 0, "axis": "y", "origin": [8, 8, 8]},
			"faces": {
				"north": {"uv": [11, 11, 16, 16], "texture": "#0"},
				"east": {"uv": [10.5, 2.5, 13, 7.5], "rotation": 180, "texture": "#0"},
				"south": {"uv": [11, 11, 16, 16], "rotation": 270, "texture": "#0"},
				"west": {"uv": [10.5, 2.5, 13, 7.5], "texture": "#0"},
				"up": {"uv": [10.5, 2.5, 13, 7.5], "rotation": 90, "texture": "#0"},
				"down": {"uv": [10.5, 2.5, 13, 7.5], "rotation": 270, "texture": "#0"}
			}
		},
		{
			"name": "back",
			"from": [2.5, 2.5, 11],
			"to": [14.5, 14.5, 16],
			"rotation": {"angle": 0, "axis": "y", "origin": [8.5, 11.5, 8]},
			"faces": {
				"north": {"uv": [4, 0, 10, 6], "rotation": 90, "texture": "#0"},
				"east": {"uv": [13.475, 2, 16, 8], "texture": "#0"},
				"south": {"uv": [4, 0, 10, 6], "rotation": 270, "texture": "#0"},
				"west": {"uv": [13.475, 2, 16, 8], "rotation": 180, "texture": "#0"},
				"up": {"uv": [13.475, 2, 16, 8], "rotation": 270, "texture": "#0"},
				"down": {"uv": [13.475, 2, 16, 8], "rotation": 90, "texture": "#0"}
			}
		},
		{
			"from": [2.10355, 6.15, 1.6],
			"to": [14.10355, 10.15, 3.6],
			"rotation": {"angle": -45, "axis": "x", "origin": [8.35355, 8.25, 3.25]},
			"faces": {
				"north": {"uv": [14, 0, 16, 0.5], "rotation": 270, "texture": "#0"},
				"east": {"uv": [16, 0, 14, 1], "rotation": 90, "texture": "#0"},
				"south": {"uv": [14, 0.5, 16, 1], "rotation": 270, "texture": "#0"},
				"west": {"uv": [14, 0, 16, 1], "rotation": 270, "texture": "#0"},
				"up": {"uv": [15.5, 0, 16, 1], "texture": "#0"},
				"down": {"uv": [14, 0, 14.5, 1], "rotation": 180, "texture": "#0"}
			}
		},
		{
			"from": [2.10355, 8.15, 3.6],
			"to": [14.10355, 10.15, 5.6],
			"rotation": {"angle": -45, "axis": "x", "origin": [8.35355, 8.25, 3.25]},
			"faces": {
				"east": {"uv": [16, 1, 15, 2], "rotation": 90, "texture": "#0"},
				"south": {"uv": [15, 1.5, 16, 2], "rotation": 270, "texture": "#0"},
				"west": {"uv": [15, 1, 16, 2], "rotation": 270, "texture": "#0"},
				"up": {"uv": [15.5, 1, 16, 2], "texture": "#0"},
				"down": {"uv": [15, 1, 15.5, 2], "rotation": 180, "texture": "#0"}
			}
		},
		{
			"from": [6.35355, 2.5, 3.75],
			"to": [8.35355, 14.5, 5.75],
			"rotation": {"angle": -45, "axis": "y", "origin": [8.35355, 8.25, 3.25]},
			"faces": {
				"east": {"uv": [15, 1, 15.5, 2], "rotation": 90, "texture": "#0"},
				"south": {"uv": [15, 1.5, 16, 2], "rotation": 180, "texture": "#0"},
				"west": {"uv": [15.5, 1, 16, 2], "rotation": 270, "texture": "#0"},
				"up": {"uv": [16, 1, 15, 2], "texture": "#0"},
				"down": {"uv": [15, 1, 16, 2], "rotation": 180, "texture": "#0"}
			}
		},
		{
			"from": [6.35355, 2.5, 1.75],
			"to": [10.35355, 14.5, 3.75],
			"rotation": {"angle": -45, "axis": "y", "origin": [8.35355, 8.25, 3.25]},
			"faces": {
				"north": {"uv": [14, 0, 16, 0.5], "texture": "#0"},
				"east": {"uv": [14, 0, 14.5, 1], "rotation": 90, "texture": "#0"},
				"south": {"uv": [14, 0.5, 16, 1], "rotation": 180, "texture": "#0"},
				"west": {"uv": [15.5, 0, 16, 1], "rotation": 270, "texture": "#0"},
				"up": {"uv": [16, 0, 14, 1], "texture": "#0"},
				"down": {"uv": [14, 0, 16, 1], "rotation": 180, "texture": "#0"}
			}
		}
	],
	"display": {
		"thirdperson_righthand": {
			"rotation": [75, 45, 0],
			"translation": [0, 2.5, 0],
			"scale": [0.375, 0.375, 0.375]
		},
		"thirdperson_lefthand": {
			"rotation": [75, 45, 0],
			"translation": [0, 2.5, 0],
			"scale": [0.375, 0.375, 0.375]
		},
		"firstperson_righthand": {
			"rotation": [0, 45, 0],
			"scale": [0.4, 0.4, 0.4]
		},
		"firstperson_lefthand": {
			"rotation": [0, 225, 0],
			"scale": [0.4, 0.4, 0.4]
		},
		"ground": {
			"translation": [0, 3, 0],
			"scale": [0.25, 0.25, 0.25]
		},
		"gui": {
			"rotation": [30, 225, 0],
			"translation": [0.5, -0.75, 0],
			"scale": [0.75, 0.75, 0.75]
		},
		"head": {
			"rotation": [0, 180, 90],
			"translation": [0, 0, 1.75]
		},
		"fixed": {
			"scale": [0.5, 0.5, 0.5]
		}
	},
	"groups": [
		{
			"name": "pump",
			"origin": [8, 8, 8],
			"color": 0,
			"children": [0, 1, 2]
		},
		{
			"name": "Arrow",
			"origin": [8, 8, 8],
			"color": 0,
			"children": [3, 4, 5, 6]
		}
	]
}