{
	"credit": "Made with Blockbench",
	"texture_size": [64, 64],
	"textures": {
		"1": "create_new_age:block/reactor/vent_steel",
		"particle": "create_new_age:block/reactor/vent_steel",
		"all": "create_new_age:block/reactor/vent"
	},
	"elements": [
		{
			"from": [5, 7, 5],
			"to": [11, 13, 11],
			"rotation": {"angle": 0, "axis": "z", "origin": [8, 8, 8]},
			"faces": {
				"north": {"uv": [5, 5, 11, 11], "rotation": 180, "texture": "#all"},
				"east": {"uv": [5, 5, 11, 11], "rotation": 90, "texture": "#all"},
				"south": {"uv": [5, 5, 11, 11], "texture": "#all"},
				"west": {"uv": [5, 5, 11, 11], "rotation": 270, "texture": "#all"},
				"up": {"uv": [5, 5, 11, 11], "texture": "#all"},
				"down": {"uv": [5, 5, 11, 11], "rotation": 180, "texture": "#all"}
			}
		},
		{
			"from": [0, 14, 0],
			"to": [16, 16, 16],
			"rotation": {"angle": 0, "axis": "z", "origin": [8, 8, 8]},
			"faces": {
				"north": {"uv": [0, 0, 16, 1], "texture": "#all"},
				"east": {"uv": [15, 0, 16, 16], "rotation": 270, "texture": "#all"},
				"south": {"uv": [0, 15, 16, 16], "rotation": 180, "texture": "#all"},
				"west": {"uv": [0, 0, 1, 16], "rotation": 90, "texture": "#all"},
				"up": {"uv": [0, 0, 16, 16], "rotation": 180, "texture": "#all"},
				"down": {"uv": [0, 0, 16, 16], "texture": "#all"}
			}
		},
		{
			"from": [1, 13, 1],
			"to": [15, 14, 15],
			"rotation": {"angle": 0, "axis": "y", "origin": [8, 8, 8]},
			"faces": {
				"north": {"uv": [0, 0, 14, 1], "texture": "#all"},
				"east": {"uv": [15, 2, 16, 16], "rotation": 270, "texture": "#all"},
				"south": {"uv": [1, 15, 15, 16], "rotation": 180, "texture": "#all"},
				"west": {"uv": [0, 0, 1, 14], "rotation": 90, "texture": "#all"},
				"up": {"uv": [14, 0, 16, 2], "rotation": 180, "texture": "#all"},
				"down": {"uv": [14, 0, 16, 2], "texture": "#all"}
			}
		},
		{
			"from": [7, 0, 1],
			"to": [9, 6, 15],
			"rotation": {"angle": 0, "axis": "z", "origin": [8, 8, 8]},
			"faces": {
				"north": {"uv": [4.75, 12, 4.5, 13.75], "texture": "#1"},
				"east": {"uv": [9.25, 4, 11, 8], "rotation": 270, "texture": "#1"},
				"south": {"uv": [4.5, 13.75, 4.25, 12], "rotation": 180, "texture": "#1"},
				"west": {"uv": [9.25, 4, 11, 8], "rotation": 270, "texture": "#1"},
				"up": {"uv": [0.5, 12, 0.75, 16], "rotation": 180, "texture": "#1"},
				"down": {"uv": [4.25, 13.5, 4.5, 13.75], "texture": "#1"}
			}
		},
		{
			"from": [1, 0, 1],
			"to": [2, 6, 15],
			"rotation": {"angle": 0, "axis": "z", "origin": [8, 8, 8]},
			"faces": {
				"north": {"uv": [4.75, 12, 4.5, 13.75], "texture": "#1"},
				"east": {"uv": [9.25, 4, 11, 8], "rotation": 270, "texture": "#1"},
				"south": {"uv": [4.5, 13.75, 4.25, 12], "rotation": 180, "texture": "#1"},
				"west": {"uv": [9.25, 4, 11, 8], "rotation": 270, "texture": "#1"},
				"up": {"uv": [0.5, 12, 0.75, 16], "rotation": 180, "texture": "#1"},
				"down": {"uv": [4.25, 13.5, 4.5, 13.75], "texture": "#1"}
			}
		},
		{
			"from": [10, 0, 1],
			"to": [11, 6, 15],
			"rotation": {"angle": 0, "axis": "z", "origin": [8, 8, 8]},
			"faces": {
				"north": {"uv": [4.75, 12, 4.5, 13.75], "texture": "#1"},
				"east": {"uv": [9.25, 4, 11, 8], "rotation": 270, "texture": "#1"},
				"south": {"uv": [4.5, 13.75, 4.25, 12], "rotation": 180, "texture": "#1"},
				"west": {"uv": [9.25, 4, 11, 8], "rotation": 270, "texture": "#1"},
				"up": {"uv": [0.5, 12, 0.75, 16], "rotation": 180, "texture": "#1"},
				"down": {"uv": [4.25, 13.5, 4.5, 13.75], "texture": "#1"}
			}
		},
		{
			"from": [12, 0, 1],
			"to": [13, 6, 15],
			"rotation": {"angle": 0, "axis": "z", "origin": [8, 8, 8]},
			"faces": {
				"north": {"uv": [4.75, 12, 4.5, 13.75], "texture": "#1"},
				"east": {"uv": [9.25, 4, 11, 8], "rotation": 270, "texture": "#1"},
				"south": {"uv": [4.5, 13.75, 4.25, 12], "rotation": 180, "texture": "#1"},
				"west": {"uv": [9.25, 4, 11, 8], "rotation": 270, "texture": "#1"},
				"up": {"uv": [0.5, 12, 0.75, 16], "rotation": 180, "texture": "#1"},
				"down": {"uv": [4.25, 13.5, 4.5, 13.75], "texture": "#1"}
			}
		},
		{
			"from": [0, 6, 0],
			"to": [16, 9, 16],
			"rotation": {"angle": 0, "axis": "z", "origin": [8, 8, 8]},
			"faces": {
				"north": {"uv": [16, 11.25, 12, 12], "texture": "#1"},
				"east": {"uv": [15.25, 7.25, 16, 11.25], "rotation": 270, "texture": "#1"},
				"south": {"uv": [16, 12, 12, 11.25], "rotation": 180, "texture": "#1"},
				"west": {"uv": [15.25, 7.25, 16, 11.25], "rotation": 90, "texture": "#1"},
				"up": {"uv": [12, 12, 16, 16], "rotation": 180, "texture": "#1"},
				"down": {"uv": [12, 12, 16, 16], "texture": "#1"}
			}
		},
		{
			"from": [14, 0, 1],
			"to": [15, 6, 15],
			"rotation": {"angle": 0, "axis": "z", "origin": [8, 8, 8]},
			"faces": {
				"north": {"uv": [4.75, 12, 4.5, 13.75], "texture": "#1"},
				"east": {"uv": [9.25, 4, 11, 8], "rotation": 270, "texture": "#1"},
				"south": {"uv": [4.5, 13.75, 4.25, 12], "rotation": 180, "texture": "#1"},
				"west": {"uv": [9.25, 4, 11, 8], "rotation": 270, "texture": "#1"},
				"up": {"uv": [0.5, 12, 0.75, 16], "rotation": 180, "texture": "#1"},
				"down": {"uv": [4.25, 13.5, 4.5, 13.75], "texture": "#1"}
			}
		},
		{
			"from": [5, 0, 1],
			"to": [6, 6, 15],
			"rotation": {"angle": 0, "axis": "z", "origin": [8, 8, 8]},
			"faces": {
				"north": {"uv": [4.75, 12, 4.5, 13.75], "texture": "#1"},
				"east": {"uv": [9.25, 4, 11, 8], "rotation": 270, "texture": "#1"},
				"south": {"uv": [4.5, 13.75, 4.25, 12], "rotation": 180, "texture": "#1"},
				"west": {"uv": [9.25, 4, 11, 8], "rotation": 270, "texture": "#1"},
				"up": {"uv": [0.5, 12, 0.75, 16], "rotation": 180, "texture": "#1"},
				"down": {"uv": [4.25, 13.5, 4.5, 13.75], "texture": "#1"}
			}
		},
		{
			"from": [3, 0, 1],
			"to": [4, 6, 15],
			"rotation": {"angle": 0, "axis": "z", "origin": [8, 8, 8]},
			"faces": {
				"north": {"uv": [4.75, 12, 4.5, 13.75], "texture": "#1"},
				"east": {"uv": [9.25, 4, 11, 8], "rotation": 270, "texture": "#1"},
				"south": {"uv": [4.5, 13.75, 4.25, 12], "rotation": 180, "texture": "#1"},
				"west": {"uv": [9.25, 4, 11, 8], "rotation": 270, "texture": "#1"},
				"up": {"uv": [0.5, 12, 0.75, 16], "rotation": 180, "texture": "#1"},
				"down": {"uv": [4.25, 13.5, 4.5, 13.75], "texture": "#1"}
			}
		}
	],
	"display": {
		"thirdperson_righthand": {
			"rotation": [75, 45, 0],
			"translation": [0, 2.5, 0],
			"scale": [0.375, 0.375, 0.375]
		},
		"thirdperson_lefthand": {
			"rotation": [75, 45, 0],
			"translation": [0, 2.5, 0],
			"scale": [0.375, 0.375, 0.375]
		},
		"firstperson_righthand": {
			"rotation": [0, 45, 0],
			"scale": [0.4, 0.4, 0.4]
		},
		"firstperson_lefthand": {
			"rotation": [0, 225, 0],
			"scale": [0.4, 0.4, 0.4]
		},
		"ground": {
			"translation": [0, 3, 0],
			"scale": [0.25, 0.25, 0.25]
		},
		"gui": {
			"rotation": [30, 225, 0],
			"scale": [0.625, 0.625, 0.625]
		},
		"fixed": {
			"scale": [0.5, 0.5, 0.5]
		}
	},
	"groups": [
		{
			"name": "vent",
			"origin": [0, 0, 0],
			"color": 0,
			"children": [0, 1, 2]
		},
		{
			"name": "vent_steel",
			"origin": [8, 8, 8],
			"color": 0,
			"children": [3, 4, 5, 6, 7, 8, 9, 10]
		}
	]
}